id;file;file_content_type;file_type;upload_date
1;../fake-data/blob/hipster.png;image/png;yuck including amidst;2024-08-24T14:44:43
2;../fake-data/blob/hipster.png;image/png;hence;2024-08-24T03:48:17
3;../fake-data/blob/hipster.png;image/png;unpleasant boohoo within;2024-08-24T04:16:34
4;../fake-data/blob/hipster.png;image/png;bestow made-up;2024-08-24T03:41:05
5;../fake-data/blob/hipster.png;image/png;whereas while;2024-08-24T09:03:24
6;../fake-data/blob/hipster.png;image/png;excluding foolhardy;2024-08-24T05:35:48
7;../fake-data/blob/hipster.png;image/png;justly few;2024-08-23T22:15:02
8;../fake-data/blob/hipster.png;image/png;blockade titivate;2024-08-24T09:01:03
9;../fake-data/blob/hipster.png;image/png;ack;2024-08-24T12:17:44
10;../fake-data/blob/hipster.png;image/png;abaft though kowtow;2024-08-23T22:02:18
